model,mean,std,t_stat,p_t,w_stat,p_w,cohen_d,significant
LR,0.9962520352045952,0.0007073382594682339,8.83869948115284,0.0009045170628489716,0.0,0.0625,-4.4193491230968895,***
SVM_RBF,0.998388997882987,0.00012715409534605176,13.112467515054641,0.0001953255927501217,0.0,0.0625,-6.556229568038256,***
MLP,0.9991822420500978,0.00011103204990033308,4.036710530443504,0.015646481106923613,0.0,0.0625,-2.0183535149980147,*
