model,mean,std,t_stat,p_t,cohen_d,significant
Ridge,29.123983535766598,0.023020959153095696,-318.17166796181806,5.854322351707166e-10,159.08583382047695,***
SVR_RBF,24.550646506063128,0.02351812973734706,-268.08592183740876,1.1614885516454091e-09,134.0429607583052,***
NumpyVQC,28.509242205986588,0.21345038606729616,-153.75042388194336,1.0734047049412e-08,76.87521190198973,***
NumpyQCNN,200.34575736191292,11.242344744608584,-33.328181953813576,4.833955750195521e-06,16.66409097675829,***
NumpyQKernelSVM,32.67539167489677,0.03828370393131012,-405.2476656644323,2.2245979521814763e-10,202.62383261978025,***
NumpyQAOA,57.00132228066326,0.09602301194904682,-710.5825213516063,2.3533549397071224e-11,355.2912603866282,***
QResNet,27.91339813232422,0.0426073365793427,-401.4382552240675,2.3102461695486514e-10,200.71912733541484,***
